Protein,NSNPs,Method,OR,CI_Lower,CI_Upper,P_value,Egger_Intercept_P_value,Q_P_value
Vitamin D-binding protein,2,Inverse variance weighted,1.06450327153532,0.930852365824128,1.21734364837344,0.361142481440129,NA,0.157227442879509
C-reactive protein,3,Inverse variance weighted,0.991118199553415,0.85729561374908,1.14583029439541,0.904046380864356,0.665633424436757,0.0992073936870138
C-reactive protein,3,MR Egger,0.383753192524068,0.0154253770513444,9.54702839886687,0.66346630823369,0.665633424436757,0.0628964512372531
C-reactive protein,3,Weighted median,1.06755558201033,0.93963255497832,1.21289424748347,0.315455127861174,0.665633424436757,NA
